--
-- Script was generated by Devart dbForge Studio for MySQL, Version 7.2.58.0
-- Product home page: http://www.devart.com/dbforge/mysql/studio
-- Script date 9/8/2017 2:33:12 PM
-- Server version: 5.7.19-log
-- Client version: 4.1
--


-- 
-- Disable foreign keys
-- 
/*!40014 SET @OLD_FOREIGN_KEY_CHECKS=@@FOREIGN_KEY_CHECKS, FOREIGN_KEY_CHECKS=0 */;

-- 
-- Set SQL mode
-- 
/*!40101 SET @OLD_SQL_MODE=@@SQL_MODE, SQL_MODE='NO_AUTO_VALUE_ON_ZERO' */;

-- 
-- Set default database
--
USE framework;

--
-- Definition for table config_groups
--
DROP TABLE IF EXISTS config_groups;
CREATE TABLE config_groups (
  id INT(10) UNSIGNED NOT NULL AUTO_INCREMENT,
  name VARCHAR(255) NOT NULL,
  created_at TIMESTAMP NULL DEFAULT NULL,
  updated_at TIMESTAMP NULL DEFAULT NULL,
  PRIMARY KEY (id),
  UNIQUE INDEX config_groups_name_unique (name)
)
ENGINE = INNODB
AUTO_INCREMENT = 4
AVG_ROW_LENGTH = 5461
CHARACTER SET utf8
COLLATE utf8_unicode_ci
ROW_FORMAT = DYNAMIC;

--
-- Definition for table config_types
--
DROP TABLE IF EXISTS config_types;
CREATE TABLE config_types (
  id INT(10) UNSIGNED NOT NULL AUTO_INCREMENT,
  name VARCHAR(255) NOT NULL,
  created_at TIMESTAMP NULL DEFAULT NULL,
  updated_at TIMESTAMP NULL DEFAULT NULL,
  PRIMARY KEY (id),
  UNIQUE INDEX config_types_name_unique (name)
)
ENGINE = INNODB
AUTO_INCREMENT = 7
AVG_ROW_LENGTH = 2730
CHARACTER SET utf8
COLLATE utf8_unicode_ci
ROW_FORMAT = DYNAMIC;

--
-- Definition for table emails_drafts
--
DROP TABLE IF EXISTS emails_drafts;
CREATE TABLE emails_drafts (
  id INT(10) UNSIGNED NOT NULL AUTO_INCREMENT,
  subject VARCHAR(255) DEFAULT NULL,
  html TEXT DEFAULT NULL,
  plain_text TEXT DEFAULT NULL,
  created_at TIMESTAMP NULL DEFAULT NULL,
  updated_at TIMESTAMP NULL DEFAULT NULL,
  PRIMARY KEY (id)
)
ENGINE = INNODB
AUTO_INCREMENT = 1
CHARACTER SET utf8
COLLATE utf8_unicode_ci
ROW_FORMAT = DYNAMIC;

--
-- Definition for table emails_templates
--
DROP TABLE IF EXISTS emails_templates;
CREATE TABLE emails_templates (
  id INT(10) UNSIGNED NOT NULL AUTO_INCREMENT,
  name VARCHAR(255) DEFAULT NULL,
  slug VARCHAR(255) DEFAULT NULL,
  description VARCHAR(255) DEFAULT NULL,
  subject VARCHAR(255) DEFAULT NULL,
  html TEXT DEFAULT NULL,
  plain_text TEXT DEFAULT NULL,
  placeholders TEXT DEFAULT NULL,
  created_at TIMESTAMP NULL DEFAULT NULL,
  updated_at TIMESTAMP NULL DEFAULT NULL,
  PRIMARY KEY (id),
  UNIQUE INDEX emails_templates_slug_unique (slug)
)
ENGINE = INNODB
AUTO_INCREMENT = 4
AVG_ROW_LENGTH = 5461
CHARACTER SET utf8
COLLATE utf8_unicode_ci
ROW_FORMAT = DYNAMIC;

--
-- Definition for table phinxlog
--
DROP TABLE IF EXISTS phinxlog;
CREATE TABLE phinxlog (
  version BIGINT(20) NOT NULL,
  migration_name VARCHAR(100) DEFAULT NULL,
  start_time TIMESTAMP NULL DEFAULT NULL,
  end_time TIMESTAMP NULL DEFAULT NULL,
  breakpoint TINYINT(1) NOT NULL DEFAULT 0,
  PRIMARY KEY (version)
)
ENGINE = INNODB
AVG_ROW_LENGTH = 8192
CHARACTER SET utf8
COLLATE utf8_general_ci
ROW_FORMAT = DYNAMIC;

--
-- Definition for table roles
--
DROP TABLE IF EXISTS roles;
CREATE TABLE roles (
  id INT(10) UNSIGNED NOT NULL AUTO_INCREMENT,
  slug VARCHAR(255) NOT NULL,
  name VARCHAR(255) NOT NULL,
  permissions TEXT NOT NULL,
  created_at TIMESTAMP NULL DEFAULT NULL,
  updated_at TIMESTAMP NULL DEFAULT NULL,
  PRIMARY KEY (id),
  UNIQUE INDEX roles_slug_unique (slug)
)
ENGINE = INNODB
AUTO_INCREMENT = 6
AVG_ROW_LENGTH = 3276
CHARACTER SET utf8
COLLATE utf8_unicode_ci
ROW_FORMAT = DYNAMIC;

--
-- Definition for table users
--
DROP TABLE IF EXISTS users;
CREATE TABLE users (
  id INT(10) UNSIGNED NOT NULL AUTO_INCREMENT,
  email VARCHAR(255) NOT NULL,
  username VARCHAR(255) NOT NULL,
  password VARCHAR(255) NOT NULL,
  last_name VARCHAR(255) DEFAULT NULL,
  first_name VARCHAR(255) DEFAULT NULL,
  permissions TEXT NOT NULL,
  last_login TIMESTAMP NOT NULL DEFAULT CURRENT_TIMESTAMP ON UPDATE CURRENT_TIMESTAMP,
  created_at TIMESTAMP NULL DEFAULT NULL,
  updated_at TIMESTAMP NULL DEFAULT NULL,
  PRIMARY KEY (id),
  UNIQUE INDEX users_email_unique (email),
  UNIQUE INDEX users_username_unique (username)
)
ENGINE = INNODB
AUTO_INCREMENT = 2
AVG_ROW_LENGTH = 16384
CHARACTER SET utf8
COLLATE utf8_unicode_ci
ROW_FORMAT = DYNAMIC;

--
-- Definition for table activations
--
DROP TABLE IF EXISTS activations;
CREATE TABLE activations (
  id INT(10) UNSIGNED NOT NULL AUTO_INCREMENT,
  user_id INT(10) UNSIGNED NOT NULL,
  code VARCHAR(255) NOT NULL,
  completed TINYINT(1) NOT NULL DEFAULT 0,
  completed_at TIMESTAMP NULL DEFAULT NULL,
  created_at TIMESTAMP NULL DEFAULT NULL,
  updated_at TIMESTAMP NULL DEFAULT NULL,
  PRIMARY KEY (id),
  CONSTRAINT activations_user_id_foreign FOREIGN KEY (user_id)
    REFERENCES users(id) ON DELETE CASCADE ON UPDATE RESTRICT
)
ENGINE = INNODB
AUTO_INCREMENT = 2
AVG_ROW_LENGTH = 16384
CHARACTER SET utf8
COLLATE utf8_unicode_ci
ROW_FORMAT = DYNAMIC;

--
-- Definition for table config
--
DROP TABLE IF EXISTS config;
CREATE TABLE config (
  id INT(10) UNSIGNED NOT NULL AUTO_INCREMENT,
  group_id INT(10) UNSIGNED NOT NULL,
  type_id INT(10) UNSIGNED NOT NULL,
  name VARCHAR(255) NOT NULL,
  description VARCHAR(255) DEFAULT NULL,
  value TEXT DEFAULT NULL,
  created_at TIMESTAMP NULL DEFAULT NULL,
  updated_at TIMESTAMP NULL DEFAULT NULL,
  PRIMARY KEY (id),
  UNIQUE INDEX config_name_unique (name),
  CONSTRAINT config_group_id_foreign FOREIGN KEY (group_id)
    REFERENCES config_groups(id) ON DELETE CASCADE ON UPDATE RESTRICT,
  CONSTRAINT config_type_id_foreign FOREIGN KEY (type_id)
    REFERENCES config_types(id) ON DELETE CASCADE ON UPDATE RESTRICT
)
ENGINE = INNODB
AUTO_INCREMENT = 24
AVG_ROW_LENGTH = 712
CHARACTER SET utf8
COLLATE utf8_unicode_ci
ROW_FORMAT = DYNAMIC;

--
-- Definition for table emails
--
DROP TABLE IF EXISTS emails;
CREATE TABLE emails (
  id INT(10) UNSIGNED NOT NULL AUTO_INCREMENT,
  secure_id VARCHAR(255) NOT NULL,
  template_id INT(10) UNSIGNED DEFAULT NULL,
  send_to TEXT DEFAULT NULL,
  subject VARCHAR(255) DEFAULT NULL,
  html TEXT DEFAULT NULL,
  plain_text TEXT DEFAULT NULL,
  created_at TIMESTAMP NULL DEFAULT NULL,
  updated_at TIMESTAMP NULL DEFAULT NULL,
  PRIMARY KEY (id),
  CONSTRAINT emails_template_id_foreign FOREIGN KEY (template_id)
    REFERENCES emails_templates(id) ON DELETE SET NULL ON UPDATE RESTRICT
)
ENGINE = INNODB
AUTO_INCREMENT = 1
CHARACTER SET utf8
COLLATE utf8_unicode_ci
ROW_FORMAT = DYNAMIC;

--
-- Definition for table persistences
--
DROP TABLE IF EXISTS persistences;
CREATE TABLE persistences (
  id INT(10) UNSIGNED NOT NULL AUTO_INCREMENT,
  user_id INT(10) UNSIGNED NOT NULL,
  code VARCHAR(255) NOT NULL,
  created_at TIMESTAMP NULL DEFAULT NULL,
  updated_at TIMESTAMP NULL DEFAULT NULL,
  PRIMARY KEY (id),
  UNIQUE INDEX persistences_code_unique (code),
  CONSTRAINT persistences_user_id_foreign FOREIGN KEY (user_id)
    REFERENCES users(id) ON DELETE CASCADE ON UPDATE RESTRICT
)
ENGINE = INNODB
AUTO_INCREMENT = 1
CHARACTER SET utf8
COLLATE utf8_unicode_ci
ROW_FORMAT = DYNAMIC;

--
-- Definition for table reminders
--
DROP TABLE IF EXISTS reminders;
CREATE TABLE reminders (
  id INT(10) UNSIGNED NOT NULL AUTO_INCREMENT,
  user_id INT(10) UNSIGNED NOT NULL,
  code VARCHAR(255) NOT NULL,
  completed TINYINT(1) NOT NULL DEFAULT 0,
  completed_at TIMESTAMP NULL DEFAULT NULL,
  created_at TIMESTAMP NULL DEFAULT NULL,
  updated_at TIMESTAMP NULL DEFAULT NULL,
  PRIMARY KEY (id),
  CONSTRAINT reminders_user_id_foreign FOREIGN KEY (user_id)
    REFERENCES users(id) ON DELETE CASCADE ON UPDATE RESTRICT
)
ENGINE = INNODB
AUTO_INCREMENT = 1
CHARACTER SET utf8
COLLATE utf8_unicode_ci
ROW_FORMAT = DYNAMIC;

--
-- Definition for table role_users
--
DROP TABLE IF EXISTS role_users;
CREATE TABLE role_users (
  user_id INT(10) UNSIGNED NOT NULL,
  role_id INT(10) UNSIGNED NOT NULL,
  created_at TIMESTAMP NULL DEFAULT NULL,
  updated_at TIMESTAMP NULL DEFAULT NULL,
  PRIMARY KEY (user_id, role_id),
  CONSTRAINT role_users_role_id_foreign FOREIGN KEY (role_id)
    REFERENCES roles(id) ON DELETE CASCADE ON UPDATE RESTRICT,
  CONSTRAINT role_users_user_id_foreign FOREIGN KEY (user_id)
    REFERENCES users(id) ON DELETE CASCADE ON UPDATE RESTRICT
)
ENGINE = INNODB
AVG_ROW_LENGTH = 8192
CHARACTER SET utf8
COLLATE utf8_unicode_ci
ROW_FORMAT = DYNAMIC;

--
-- Definition for table throttle
--
DROP TABLE IF EXISTS throttle;
CREATE TABLE throttle (
  id INT(10) UNSIGNED NOT NULL AUTO_INCREMENT,
  user_id INT(10) UNSIGNED DEFAULT NULL,
  type VARCHAR(255) NOT NULL,
  ip VARCHAR(255) DEFAULT NULL,
  created_at TIMESTAMP NULL DEFAULT NULL,
  updated_at TIMESTAMP NULL DEFAULT NULL,
  PRIMARY KEY (id),
  CONSTRAINT throttle_user_id_foreign FOREIGN KEY (user_id)
    REFERENCES users(id) ON DELETE CASCADE ON UPDATE RESTRICT
)
ENGINE = INNODB
AUTO_INCREMENT = 1
CHARACTER SET utf8
COLLATE utf8_unicode_ci
ROW_FORMAT = DYNAMIC;

-- 
-- Dumping data for table config_groups
--
INSERT INTO config_groups VALUES
(1, 'Site Settings', '2017-09-08 21:31:28', '2017-09-08 21:31:28'),
(2, 'Dashboard Settings', '2017-09-08 21:31:28', '2017-09-08 21:31:28'),
(3, 'Contact Information', '2017-09-08 21:31:28', '2017-09-08 21:31:28');

-- 
-- Dumping data for table config_types
--
INSERT INTO config_types VALUES
(1, 'timezone', '2017-09-08 21:31:28', '2017-09-08 21:31:28'),
(2, 'string', '2017-09-08 21:31:28', '2017-09-08 21:31:28'),
(3, 'theme', '2017-09-08 21:31:28', '2017-09-08 21:31:28'),
(4, 'bootswatch', '2017-09-08 21:31:28', '2017-09-08 21:31:28'),
(5, 'image', '2017-09-08 21:31:28', '2017-09-08 21:31:28'),
(6, 'boolean', '2017-09-08 21:31:28', '2017-09-08 21:31:28');

-- 
-- Dumping data for table emails_drafts
--

-- Table framework.emails_drafts does not contain any data (it is empty)

-- 
-- Dumping data for table emails_templates
--
INSERT INTO emails_templates VALUES
(1, 'Password Reset', 'password-reset', 'Password Reset Email', 'Password Reset Request from {{  settings_site_name  }}', '<h1>{{ settings_site_name }}</h1>\r\n\r\n<p>Hello&nbsp;{{ user_first_name }},</p>\r\n\r\n<p>You are receiving this email because you recently requested a password reset. &nbsp;</p>\r\n\r\n<h3><a href="{{ reset_url }}">Reset Password Now</a></h3>\r\n\r\n<p>If you did not request this reset, then please disregard this email.</p>\r\n\r\n<p>Thank You,</p>\r\n\r\n<p>{{ settings_site_name }}</p>\\r\\n', 'Hello {{ user_first_name }},\r\n\r\nYou are receiving this email because you recently requested a password reset.  To continue resetting your password, please click the following link:\r\n\r\n{{ reset_url }}\r\n\r\nIf you did not request this reset, then please disregard this email.\r\n\r\nThank You,\r\n\r\n{{ settings_site_name }}', '["reset_url"]', '2017-09-08 21:31:28', '2017-09-08 21:31:28'),
(2, 'Registration Complete', 'registration', 'Registration Complete Email', 'Welcome to {{  settings_site_name  }}, {{  user_first_name  }}!', '<h1>{{ settings_site_name }}</h1>\r\n\r\n<p>Hello&nbsp;{{ user_first_name }},</p>\r\n\r\n<p>Welcome to &nbsp;{{ settings_site_name }}. &nbsp;Here are your login details:</p>\r\n\r\n<p>Username:&nbsp;{{ user_username }}<br />\r\nPassword: Chosen at Registration</p>\r\n\r\n<h3><a href="https://{{ settings_domain }}">Visit&nbsp;{{ settings_site_name }}</a></h3>\r\n\r\n<p>Thank You,</p>\r\n\r\n<p>{{ settings_site_name }}</p>', 'Hello {{ user_first_name }},\r\n\r\nWelcome to {{  settings_site_name  }}.  Here are your login details:\r\n\r\nUsername: {{  user_username  }}\r\nPassword: Chosen at Registration\r\n\r\nVisit https://{{  settings_domain  }}\r\n\r\nThank You,\r\n\r\n{{ settings_site_name }}', NULL, '2017-09-08 21:31:28', '2017-09-08 21:31:28'),
(3, 'Activation Email', 'activation', 'Account Activation Email', 'Activate Your {{  settings_site_name  }} Account', '<h1>{{ settings_site_name }}</h1>\r\n\r\n<p>Hello&nbsp;{{ user_first_name }},</p>\r\n\r\n<p>Thank you for creating your account. &nbsp;In order to ensure the best possible experience, we require that you verify your email address before you can begin using your account. &nbsp;To do so, simply click the following link and you will be immediately logged in to your account.</p>\r\n\r\n<h3><a href="{{ confirm_url }}">Confirm Email Now</a></h3>\r\n\r\n<p>Thank You,</p>\r\n\r\n<p>{{ settings_site_name }} Team</p>', '{{ settings_site_name }}\r\n\r\nHello {{  user_first_name  }},\r\n\r\nThank you for creating your account.  In order to ensure the best possible experience, we require that you verify your email address before you can begin using your account.  To do so, simply click the following link and you will be immediately logged in to your account.\r\n\r\n{{ confirm_url }}\r\n\r\nThank You,\r\n\r\n{{ settings_site_name }} Team', '["confirm_url"]', '2017-09-08 21:31:28', '2017-09-08 21:31:28');

-- 
-- Dumping data for table phinxlog
--
INSERT INTO phinxlog VALUES
(20170118012924, 'InitDatabase', '2017-09-08 21:31:27', '2017-09-08 21:31:28', 0),
(20170813230735, 'AddEmailSystem', '2017-09-08 21:31:28', '2017-09-08 21:31:28', 0);

-- 
-- Dumping data for table roles
--
INSERT INTO roles VALUES
(1, 'admin', 'Admin', '{"user.*":true,"email.*":true,"settings.*":true,"role.*":true,"permission.*":true,"media.*":true,"blog.*":true,"dashboard.*":true}', '2017-09-08 21:31:28', '2017-09-08 21:31:28'),
(2, 'developer', 'Developer', '{"developer.*":true}', '2017-09-08 21:31:28', '2017-09-08 21:31:28'),
(3, 'manager', 'Manager', '{"user.*":true,"user.delete":false,"role.*":true,"role.delete":false,"permission.*":true,"permission.delete":false,"media.*":true,"media.delete":false,"blog.*":true,"blog.delete":false,"dashboard.*":true}', '2017-09-08 21:31:28', '2017-09-08 21:31:28'),
(4, 'user', 'User', '{"user.account":true}', '2017-09-08 21:31:28', '2017-09-08 21:31:28'),
(5, 'auditor', 'Auditor', '{"user.view":true,"settings.view":true,"role.view":true,"permission.view":true,"blog.view":true,"dashboard.view":true}', '2017-09-08 21:31:28', '2017-09-08 21:31:28');

-- 
-- Dumping data for table users
--
INSERT INTO users VALUES
(1, 'admin@example.com', 'admin', '$2y$10$hPoAi9vCRJzPic/Cq76knO8rGzplSpK3Jl7NKsyHqzodNjDHGb07u', 'User', 'Admin', '', '2017-09-08 14:31:28', '2017-09-08 21:31:28', '2017-09-08 21:31:28');

-- 
-- Dumping data for table activations
--
INSERT INTO activations VALUES
(1, 1, 'rYiBnnhtl0MP8C1Z8E8lPOXLgEYEc29P', 1, '2017-09-08 21:31:28', '2017-09-08 21:31:28', '2017-09-08 21:31:28');

-- 
-- Dumping data for table config
--
INSERT INTO config VALUES
(1, 1, 1, 'timezone', 'PHP Timezone', 'America/Los_Angeles', '2017-09-08 21:31:28', '2017-09-08 21:31:28'),
(2, 1, 2, 'site-name', 'Site Name', 'Dappur', '2017-09-08 21:31:28', '2017-09-08 21:31:28'),
(3, 1, 2, 'domain', 'Site Domain', 'example.com', '2017-09-08 21:31:28', '2017-09-08 21:31:28'),
(4, 1, 2, 'support-email', 'Support Email', 'support@example.com', '2017-09-08 21:31:28', '2017-09-08 21:31:28'),
(5, 1, 2, 'from-email', 'From Email', 'noreply@example.com', '2017-09-08 21:31:28', '2017-09-08 21:31:28'),
(6, 1, 3, 'theme', 'Site Theme', 'dappur', '2017-09-08 21:31:28', '2017-09-08 21:31:28'),
(7, 1, 4, 'bootswatch', 'Site Bootswatch', 'cerulean', '2017-09-08 21:31:28', '2017-09-08 21:31:28'),
(8, 1, 5, 'logo', 'Site Logo', 'https://res.cloudinary.com/dappur/image/upload/c_scale,w_600/v1479072913/site-images/logo-horizontal.png', '2017-09-08 21:31:28', '2017-09-08 21:31:28'),
(9, 1, 5, 'header-logo', 'Header Logo', 'https://res.cloudinary.com/dappur/image/upload/c_scale,h_75/v1479072913/site-images/logo-horizontal.png', '2017-09-08 21:31:28', '2017-09-08 21:31:28'),
(10, 2, 3, 'dashboard-theme', 'Dashboard Theme', 'dashboard', '2017-09-08 21:31:28', '2017-09-08 21:31:28'),
(11, 2, 4, 'dashboard-bootswatch', 'Dashboard Bootswatch', 'yeti', '2017-09-08 21:31:28', '2017-09-08 21:31:28'),
(12, 2, 5, 'dashboard-logo', 'Dashboard Logo', 'https://res.cloudinary.com/dappur/image/upload/c_scale,h_75/v1479072913/site-images/logo-horizontal.png', '2017-09-08 21:31:28', '2017-09-08 21:31:28'),
(13, 1, 2, 'ga', 'Google Analytics UA', '', '2017-09-08 21:31:28', '2017-09-08 21:31:28'),
(14, 1, 6, 'activation', 'Activation Required', '1', '2017-09-08 21:31:28', '2017-09-08 21:31:28'),
(15, 1, 6, 'maintenance-mode', 'Maintenance Mode', '0', '2017-09-08 21:31:28', '2017-09-08 21:31:28'),
(16, 1, 2, 'privacy-service', 'Privacy Service Statement', 'SERVICE', '2017-09-08 21:31:28', '2017-09-08 21:31:28'),
(17, 3, 2, 'contact-email', 'Contact Email', 'contact@example.com', '2017-09-08 21:31:28', '2017-09-08 21:31:28'),
(18, 3, 2, 'contact-phone', 'Contact Phone', '(000) 000-0000', '2017-09-08 21:31:28', '2017-09-08 21:31:28'),
(19, 3, 2, 'contact-street', 'Contact Street', '123 Harbor Blvd.', '2017-09-08 21:31:28', '2017-09-08 21:31:28'),
(20, 3, 2, 'contact-city', 'Contact City', 'Oxnard', '2017-09-08 21:31:28', '2017-09-08 21:31:28'),
(21, 3, 2, 'contact-state', 'Contact State', 'CA', '2017-09-08 21:31:28', '2017-09-08 21:31:28'),
(22, 3, 2, 'contact-zip', 'Contact Zip', '93035', '2017-09-08 21:31:28', '2017-09-08 21:31:28'),
(23, 3, 2, 'contact-country', 'Contact Country', 'USA', '2017-09-08 21:31:28', '2017-09-08 21:31:28');

-- 
-- Dumping data for table emails
--

-- Table framework.emails does not contain any data (it is empty)

-- 
-- Dumping data for table persistences
--

-- Table framework.persistences does not contain any data (it is empty)

-- 
-- Dumping data for table reminders
--

-- Table framework.reminders does not contain any data (it is empty)

-- 
-- Dumping data for table role_users
--
INSERT INTO role_users VALUES
(1, 1, '2017-09-08 21:31:28', '2017-09-08 21:31:28'),
(1, 2, '2017-09-08 21:31:28', '2017-09-08 21:31:28');

-- 
-- Dumping data for table throttle
--

-- Table framework.throttle does not contain any data (it is empty)

-- 
-- Restore previous SQL mode
-- 
/*!40101 SET SQL_MODE=@OLD_SQL_MODE */;

-- 
-- Enable foreign keys
-- 
/*!40014 SET FOREIGN_KEY_CHECKS=@OLD_FOREIGN_KEY_CHECKS */;